[
    {
        "학생ID": "ITT001",
        "수강정보": {
            "강좌1": {
                "강의코드": "1",
                "강의명": "1",
                "강사": "1",
                "개강일": "1",
                "종료일": "1"
            },
            "강좌2": {
                "강의코드": "2",
                "강의명": "2",
                "강사": "2",
                "개강일": "2",
                "종료일": "2"
            }
        },
        "과거수강횟수": "1",
        "개인정보": {
            "이름": "1",
            "나이": "1",
            "주소": "1"
        }
    },
    {
        "학생ID": "ITT002",
        "수강정보": {
            "강좌1": {
                "강의코드": "3",
                "강의명": "3",
                "강사": "3",
                "개강일": "3",
                "종료일": "3"
            },
            "강좌2": {
                "강의코드": "4",
                "강의명": "4",
                "강사": "4",
                "개강일": "4",
                "종료일": "4"
            },
            "강좌3": {
                "강의코드": "5",
                "강의명": "5",
                "강사": "5",
                "개강일": "5",
                "종료일": "5"
            }
        },
        "과거수강횟수": "3",
        "개인정보": {
            "이름": "2",
            "나이": "2",
            "주소": "3"
        }
    }
]